Station,coordinate_x,coordinate_y,cor_1_x,cor_1_y,cor_2_x,cor_2_y,cor_3_x,cor_3_y,cor_4_x,cor_4_y,cor_5_x,cor_5_y
OKX,43,76,-73.5186847,41.5977186,-73.523291,41.5761548,-73.4944506,41.572705799999994,-73.4898384,41.59426919999999,-73.5186847,41.5977186
OKX,44,76,-73.4898426,41.5942697,-73.4944548,41.5727063,-73.4656247,41.5692536,-73.46100650000001,41.590816700000005,-73.4898426,41.5942697
OKX,57,78,-73.1057496,41.5921296,-73.1104424,41.5705799,-73.0816248,41.567065899999996,-73.0769259,41.588615299999994,-73.1057496,41.5921296
OKX,58,78,-73.0769349,41.5886164,-73.08163379999999,41.567067,-73.0528361,41.5635505,-73.0481313,41.5850996,-73.0769349,41.5886164
OKX,59,78,-73.0481181,41.585098,-73.0528229,41.5635489,-73.02400089999999,41.5600246,-73.01929019999999,41.581573299999995,-73.0481181,41.585098
OKX,60,79,-73.0145762,41.6031447,-73.01929249999999,41.5815821,-72.9904749,41.5780538,-72.9857526,41.599616,-73.0145762,41.6031447
OKX,61,79,-72.9857553,41.5996164,-72.9904777,41.578054200000004,-72.9616676,41.5745219,-72.9569393,41.5960838,-72.9857553,41.5996164
OKX,62,79,-72.9569379,41.5960836,-72.9616662,41.5745217,-72.9328554,41.5709845,-72.9281211,41.5925461,-72.9569379,41.5960836
OKX,69,80,-72.7504898,41.5927606,-72.7552591,41.5712161,-72.7264578,41.5676462,-72.72168260000001,41.5891903,-72.7504898,41.5927606
OKX,70,80,-72.7216826,41.5891903,-72.72645779999999,41.5676462,-72.6976586,41.5640716,-72.6928774,41.5856154,-72.7216826,41.5891903
OKX,71,80,-72.692876,41.5856152,-72.6976572,41.564071399999996,-72.66885719999999,41.560491799999994,-72.66407,41.582035299999994,-72.692876,41.5856152
OKX,72,80,-72.6640687,41.5820351,-72.6688558,41.5604916,-72.6400551,41.556906999999995,-72.635262,41.5784502,-72.6640687,41.5820351
OKX,72,81,-72.6592774,41.6035852,-72.664068,41.5820382,-72.6352613,41.5784533,-72.6304648,41.5999999,-72.6592774,41.6035852
OKX,73,81,-72.6304689,41.6000004,-72.6352654,41.5784538,-72.6064691,41.5748653,-72.6016666,41.596411599999996,-72.6304689,41.6000004
OKX,74,81,-72.6016597,41.5964107,-72.6064622,41.5748644,-72.577654,41.5712695,-72.5728456,41.5928155,-72.6016597,41.5964107
OKX,75,81,-72.5728539,41.5928165,-72.5776623,41.5712705,-72.5488729,41.567673,-72.5440585,41.589218699999996,-72.5728539,41.5928165
OKX,76,81,-72.5440537,41.5892181,-72.54886800000001,41.5676724,-72.52007090000001,41.5640691,-72.5152506,41.5856144,-72.5440537,41.5892181
OKX,77,81,-72.5152527,41.5856147,-72.5200729,41.5640693,-72.491282,41.5604619,-72.4864558,41.5820069,-72.5152527,41.5856147
OKX,78,81,-72.4864551,41.5820068,-72.4912813,41.5604618,-72.4624911,41.5568495,-72.4576589,41.5783942,-72.4864551,41.5820068
OKX,78,82,-72.4816289,41.6035397,-72.4864558,41.5820037,-72.4576596,41.578391,-72.4528267,41.599926800000006,-72.4816289,41.6035397
OKX,79,82,-72.452826,41.5999267,-72.4576589,41.578390999999996,-72.4288633,41.5747735,-72.4240245,41.5963089,-72.452826,41.5999267
OKX,80,82,-72.4240308,41.5963097,-72.4288696,41.5747743,-72.4000885,41.571153800000005,-72.39524379999999,41.592688800000005,-72.4240308,41.5963097
OKX,81,82,-72.3952272,41.5926867,-72.4000719,41.5711517,-72.3712597,41.5675223,-72.3664091,41.589057,-72.3952272,41.5926867
OKX,82,82,-72.3664243,41.589059,-72.37127500000001,41.5675242,-72.34249530000001,41.5638941,-72.33763870000001,41.5854284,-72.3664243,41.589059
OKX,83,82,-72.3376338,41.5854278,-72.3424904,41.5638934,-72.3137031,41.5602574,-72.3088406,41.581791499999994,-72.3376338,41.5854278
OKX,84,82,-72.3088392,41.5817913,-72.3137017,41.5602572,-72.28491369999999,41.5566162,-72.28004519999999,41.5781499,-72.3088392,41.5817913
OKX,84,83,-72.3039707,41.6033397,-72.3088379,41.581797,-72.280044,41.5781556,-72.2751708,41.599698000000004,-72.3039707,41.6033397
OKX,85,83,-72.2751771,41.5996988,-72.28005019999999,41.5781564,-72.25127079999999,41.5745119,-72.24639169999999,41.596053999999995,-72.2751771,41.5996988
OKX,86,83,-72.2463848,41.5960531,-72.2512638,41.5745111,-72.2224726,41.570860200000006,-72.2175876,41.592401900000006,-72.2463848,41.5960531
OKX,87,83,-72.2175925,41.5924026,-72.2224775,41.5708608,-72.193698,41.5672066,-72.18880709999999,41.588747999999995,-72.2175925,41.5924026
OKX,88,83,-72.1887995,41.588747,-72.19369040000001,41.5672056,-72.16489790000001,41.5635448,-72.16000100000001,41.5850858,-72.1887995,41.588747
OKX,89,83,-72.1600107,41.585087,-72.1649075,41.563546,-72.1361364,41.559883,-72.1312336,41.5814237,-72.1600107,41.585087
OKX,90,84,-72.126327,41.6029471,-72.1312298,41.581418400000004,-72.1024451,41.57774920000001,-72.0975364,41.59927750000001,-72.126327,41.6029471
OKX,91,84,-72.0975364,41.5992775,-72.1024451,41.5777492,-72.07366259999999,41.5740753,-72.06874789999999,41.5956033,-72.0975364,41.5992775
OKX,92,84,-72.06875,41.5956035,-72.0736646,41.5740755,-72.0448883,41.5703975,-72.03996769999999,41.5919252,-72.06875,41.5956035
OKX,94,84,-72.0111847,41.5882418,-72.0161113,41.566714499999996,-71.98733630000001,41.5630269,-71.98240390000001,41.584553799999995,-72.0111847,41.5882418
OKX,95,84,-71.9824025,41.5845537,-71.98733490000001,41.5630267,-71.9585593,41.559334,-71.953621,41.5808607,-71.9824025,41.5845537
OKX,96,85,-71.9486836,41.6023802,-71.9536234,41.5808594,-71.92484809999999,41.577162300000005,-71.9199024,41.598682700000005,-71.9486836,41.6023802
OKX,97,85,-71.9198983,41.5986822,-71.924844,41.5771618,-71.8960625,41.5734589,-71.8911109,41.594979099999996,-71.9198983,41.5986822
OKX,98,85,-71.8911143,41.5949795,-71.8960659,41.573459400000004,-71.8672935,41.5697528,-71.8623359,41.5912726,-71.8911143,41.5949795
OKX,99,85,-71.8623345,41.5912724,-71.8672921,41.5697526,-71.8385189,41.5660411,-71.8335555,41.5875605,-71.8623345,41.5912724
OKX,100,85,-71.8335582,41.5875609,-71.8385217,41.5660414,-71.8097562,41.562325900000005,-71.8047868,41.583845000000004,-71.8335582,41.5875609
OKX,101,85,-71.8047854,41.5838448,-71.8097548,41.5623257,-71.7809887,41.5586052,-71.7760134,41.580124000000005,-71.8047854,41.5838448
OKX,42,77,-73.542916,41.622734,-73.5475198,41.6011654,-73.51869640000001,41.597723699999996,-73.51408670000001,41.619291999999994,-73.542916,41.622734
OKX,43,77,-73.5140742,41.6192905,-73.518684,41.5977222,-73.48983759999999,41.5942728,-73.48522189999998,41.6158408,-73.5140742,41.6192905
OKX,44,77,-73.485226,41.6158413,-73.4898418,41.5942733,-73.46100569999999,41.5908203,-73.45638399999999,41.612387899999995,-73.485226,41.6158413
OKX,58,79,-73.0722287,41.6101878,-73.07693309999999,41.588624599999996,-73.04812949999999,41.5851079,-73.0434191,41.606670699999995,-73.0722287,41.6101878
OKX,59,79,-73.0434059,41.6066691,-73.04811629999999,41.5851062,-73.0192884,41.5815816,-73.01457199999999,41.6031441,-73.0434059,41.6066691
OKX,61,80,-72.9810351,41.6211572,-72.9857567,41.5996102,-72.95694069999999,41.5960776,-72.9522131,41.6176243,-72.9810351,41.6211572
OKX,62,80,-72.9522117,41.6176242,-72.9569393,41.5960774,-72.9281225,41.5925398,-72.9233889,41.6140863,-72.9522117,41.6176242
OKX,69,81,-72.7457165,41.6143116,-72.7504891,41.5927637,-72.7216819,41.5891934,-72.7169033,41.610741,-72.7457165,41.6143116
OKX,70,81,-72.7169033,41.610741,-72.7216819,41.5891934,-72.6928767,41.5856185,-72.6880921,41.607165800000004,-72.7169033,41.610741
OKX,71,81,-72.6880907,41.6071656,-72.6928753,41.5856183,-72.6640693,41.5820384,-72.6592788,41.6035853,-72.6880907,41.6071656
OKX,73,82,-72.6256725,41.621535,-72.6304696,41.5999973,-72.6016673,41.596408499999995,-72.5968642,41.617945799999994,-72.6256725,41.621535
OKX,74,82,-72.5968573,41.617945,-72.6016604,41.5964076,-72.5728463,41.5928124,-72.5680373,41.6143494,-72.5968573,41.617945
OKX,75,82,-72.5680456,41.6143504,-72.5728546,41.5928134,-72.54405919999999,41.589215599999996,-72.5392442,41.610752299999994,-72.5680456,41.6143504
OKX,76,82,-72.5392394,41.6107517,-72.5440544,41.589215,-72.51525129999999,41.585611300000004,-72.51043029999998,41.607147700000006,-72.5392394,41.6107517
OKX,77,82,-72.5104324,41.6071479,-72.5152534,41.5856116,-72.4864565,41.5820038,-72.4816296,41.6035398,-72.5104324,41.6071479
OKX,82,83,-72.3615677,41.610608,-72.366423,41.5890646,-72.33763739999999,41.5854341,-72.33277609999999,41.6069772,-72.3615677,41.610608
OKX,83,83,-72.3327713,41.6069766,-72.3376325,41.5854335,-72.3088393,41.581797200000004,-72.3039721,41.6033399,-72.3327713,41.6069766
OKX,85,84,-72.270305,41.6212244,-72.27517809999999,41.5996941,-72.24639269999999,41.596049300000004,-72.24151369999998,41.6175793,-72.270305,41.6212244
OKX,86,84,-72.2415068,41.6175784,-72.2463858,41.5960485,-72.2175887,41.5923973,-72.21270369999999,41.6139269,-72.2415068,41.6175784
OKX,88,84,-72.1839096,41.6102717,-72.18880060000001,41.5887423,-72.160002,41.5850811,-72.15510520000001,41.6066101,-72.1839096,41.6102717
OKX,89,84,-72.1551149,41.6066114,-72.1600117,41.5850824,-72.1312347,41.581419,-72.1263319,41.602947699999994,-72.1551149,41.6066114
OKX,91,85,-72.0926267,41.6207984,-72.0975368,41.599275899999995,-72.0687483,41.595601699999996,-72.0638322,41.617123799999995,-72.0926267,41.6207984
OKX,92,85,-72.0638343,41.6171241,-72.06875029999999,41.595602,-72.0399681,41.5919236,-72.0350461,41.6134454,-72.0638343,41.6171241
OKX,93,85,-72.0350454,41.6134453,-72.0399674,41.5919235,-72.01118579999999,41.5882404,-72.0062579,41.609761799999994,-72.0350454,41.6134453
OKX,94,85,-72.0062572,41.6097618,-72.01118509999999,41.5882403,-71.98240419999999,41.584552300000006,-71.97747039999999,41.60607340000001,-72.0062572,41.6097618
OKX,95,85,-71.977469,41.6060733,-71.9824029,41.584552099999996,-71.9536213,41.5808591,-71.9486816,41.602379899999995,-71.977469,41.6060733
OKX,96,86,-71.9437389,41.6239107,-71.9486827,41.602384300000004,-71.91990150000001,41.598686900000004,-71.91495180000001,41.620212900000006,-71.9437389,41.6239107
OKX,98,86,-71.8861577,41.6165093,-71.8911134,41.5949836,-71.862335,41.5912767,-71.8573734,41.612802,-71.8861577,41.6165093
OKX,99,86,-71.857372,41.6128019,-71.8623336,41.5912766,-71.8335545,41.5875646,-71.828587,41.6090896,-71.857372,41.6128019
OKX,100,86,-71.8285898,41.60909,-71.83355730000001,41.587565000000005,-71.80478590000001,41.5838491,-71.79981250000002,41.6053738,-71.8285898,41.60909
OKX,101,86,-71.7998111,41.6053736,-71.8047845,41.583849,-71.7760124,41.5801281,-71.7710331,41.601652400000006,-71.7998111,41.6053736
OKX,43,78,-73.5094661,41.6408389,-73.5140754,41.619284799999996,-73.4852231,41.6158351,-73.4806078,41.6373889,-73.5094661,41.6408389
OKX,60,80,-73.0098619,41.6246858,-73.0145775,41.6031384,-72.9857539,41.599609799999996,-72.98103230000001,41.621156899999995,-73.0098619,41.6246858
OKX,62,81,-72.9474801,41.6391775,-72.952211,41.6176273,-72.9233882,41.614089400000005,-72.91865130000001,41.63563920000001,-72.9474801,41.6391775
OKX,71,82,-72.6833061,41.6287008,-72.68809139999999,41.607162499999994,-72.6592795,41.60358219999999,-72.6544883,41.62512029999999,-72.6833061,41.6287008
OKX,72,82,-72.6544869,41.6251201,-72.6592781,41.6035821,-72.6304655,41.5999968,-72.6256683,41.6215345,-72.6544869,41.6251201
OKX,73,83,-72.6208695,41.6430871,-72.6256712,41.621540700000004,-72.596863,41.617951500000004,-72.5920553,41.639497500000004,-72.6208695,41.6430871
OKX,75,83,-72.5632307,41.6359018,-72.56804430000001,41.6143561,-72.5392429,41.610758000000004,-72.5344233,41.632303300000004,-72.5632307,41.6359018
OKX,76,83,-72.5344185,41.6323027,-72.5392381,41.6107574,-72.51042910000001,41.607153399999994,-72.5056035,41.6286984,-72.5344185,41.6323027
OKX,77,83,-72.5056056,41.6286987,-72.51043109999999,41.607153600000004,-72.4816283,41.6035455,-72.4767968,41.6250902,-72.5056056,41.6286987
OKX,83,84,-72.3279111,41.6285029,-72.33277229999999,41.6069719,-72.30397319999999,41.6033352,-72.29910599999998,41.624865899999996,-72.3279111,41.6285029
OKX,84,84,-72.2991046,41.6248657,-72.30397180000001,41.603335,-72.27517190000002,41.5996933,-72.27029880000002,41.6212236,-72.2991046,41.6248657
OKX,85,85,-72.2654309,41.6427474,-72.2703054,41.6212229,-72.2415141,41.6175778,-72.2366337,41.6391019,-72.2654309,41.6427474
OKX,86,85,-72.2366267,41.639101,-72.2415071,41.617576899999996,-72.21270410000001,41.6139254,-72.2078177,41.6354492,-72.2366267,41.639101
OKX,87,85,-72.2078226,41.6354498,-72.2127089,41.613926000000006,-72.1839176,41.610271100000006,-72.1790253,41.631794500000005,-72.2078226,41.6354498
OKX,88,85,-72.1790177,41.6317936,-72.18391,41.6102701,-72.15510549999999,41.6066086,-72.15020729999999,41.628131700000004,-72.1790177,41.6317936
OKX,89,85,-72.150217,41.628133,-72.1551152,41.6066098,-72.1263322,41.602946100000004,-72.12142809999999,41.624468900000004,-72.150217,41.628133
OKX,91,86,-72.0877117,41.6423305,-72.0926257,41.620802499999996,-72.0638313,41.617127999999994,-72.0589113,41.638655699999994,-72.0877117,41.6423305
OKX,92,86,-72.0589134,41.6386559,-72.0638334,41.6171282,-72.0350452,41.6134496,-72.0301192,41.634976900000005,-72.0589134,41.6386559
OKX,93,86,-72.0301185,41.6349768,-72.0350445,41.613449499999994,-72.00625699999999,41.60976599999999,-72.00132509999999,41.63129299999999,-72.0301185,41.6349768
OKX,94,86,-72.0013244,41.6312929,-72.0062563,41.6097659,-71.9774695,41.6060776,-71.9725317,41.6276042,-72.0013244,41.6312929
OKX,95,86,-71.9725303,41.6276041,-71.9774681,41.6060774,-71.94868059999999,41.602384099999995,-71.94373689999999,41.62391039999999,-71.9725303,41.6276041
OKX,97,87,-71.9099973,41.6417294,-71.9149481,41.620210300000004,-71.8861548,41.6165068,-71.881198,41.638025600000006,-71.9099973,41.6417294
OKX,98,87,-71.8812015,41.638026,-71.8861582,41.6165072,-71.8573739,41.6128,-71.8524112,41.6343184,-71.8812015,41.638026
OKX,100,87,-71.8236217,41.630606,-71.8285903,41.6090879,-71.7998129,41.6053717,-71.7948384,41.6268895,-71.8236217,41.630606
OKX,43,79,-73.5048496,41.6624151,-73.5094644,41.640847199999996,-73.4806061,41.637397199999995,-73.4759853,41.65896479999999,-73.5048496,41.6624151
OKX,62,82,-72.9427491,41.6607156,-72.9474807,41.6391744,-72.918652,41.6356361,-72.9139144,41.6571771,-72.9427491,41.6607156
OKX,75,84,-72.5584181,41.6574308,-72.5632317,41.6358972,-72.5344244,41.6322987,-72.5296048,41.653832,-72.5584181,41.6574308
OKX,76,84,-72.5296,41.6538314,-72.5344195,41.6322981,-72.5056045,41.6286937,-72.50077900000001,41.6502267,-72.5296,41.6538314
OKX,83,85,-72.3230489,41.6500265,-72.3279115,41.6285013,-72.2991064,41.624864300000006,-72.2942378,41.64638910000001,-72.3230489,41.6500265
OKX,84,85,-72.2942365,41.6463889,-72.299105,41.624864099999996,-72.2702991,41.6212221,-72.2654247,41.642746599999995,-72.2942365,41.6463889
OKX,85,86,-72.2605516,41.6642815,-72.26543,41.6427515,-72.2366327,41.6391061,-72.2317484,41.6606357,-72.2605516,41.6642815
OKX,86,86,-72.2317415,41.6606348,-72.2366258,41.639105199999996,-72.2078168,41.635453299999995,-72.2029265,41.65698269999999,-72.2317415,41.6606348
OKX,87,86,-72.2029313,41.6569833,-72.2078216,41.6354539,-72.1790244,41.631798700000004,-72.1741281,41.653327700000006,-72.2029313,41.6569833
OKX,88,86,-72.1741205,41.6533267,-72.1790168,41.6317977,-72.1502064,41.6281359,-72.1453042,41.6496645,-72.1741205,41.6533267
OKX,89,86,-72.1453139,41.6496658,-72.15021610000001,41.628137100000004,-72.1214271,41.6244731,-72.11651900000001,41.6460014,-72.1453139,41.6496658
OKX,90,86,-72.1165142,41.6460008,-72.12142229999999,41.6244725,-72.09262569999999,41.6208025,-72.08771169999999,41.64233050000001,-72.1165142,41.6460008
OKX,91,87,-72.0827969,41.6638496,-72.0877121,41.6423285,-72.0589118,41.6386536,-72.0539906,41.660174399999995,-72.0827969,41.6638496
OKX,92,87,-72.0539927,41.6601746,-72.0589138,41.6386538,-72.0301197,41.6349748,-72.0251926,41.6564953,-72.0539927,41.6601746
OKX,93,87,-72.0251919,41.6564952,-72.030119,41.6349747,-72.0013255,41.6312909,-71.9963925,41.652811,-72.0251919,41.6564952
OKX,98,88,-71.8762415,41.6595467,-71.88120110000001,41.6380276,-71.85241080000002,41.63432,-71.84744530000002,41.655838800000005,-71.8762415,41.6595467
OKX,99,88,-71.8474439,41.6558386,-71.85240950000001,41.6343198,-71.82361850000001,41.6306072,-71.8186471,41.6521256,-71.8474439,41.6558386
OKX,100,88,-71.8186499,41.652126,-71.8236213,41.630607600000005,-71.794838,41.62689100000001,-71.7898606,41.64840910000001,-71.8186499,41.652126
OKX,84,86,-72.2893631,41.6679234,-72.2942355,41.6463931,-72.2654237,41.6427507,-72.2605453,41.6642807,-72.2893631,41.6679234
OKX,86,87,-72.2268564,41.6821556,-72.2317419,41.6606328,-72.202927,41.656980600000004,-72.1980355,41.678503000000006,-72.2268564,41.6821556
OKX,87,87,-72.1980404,41.6785037,-72.2029318,41.6569812,-72.1741286,41.653325599999995,-72.1692312,41.674847699999994,-72.1980404,41.6785037
OKX,89,87,-72.140411,41.6711855,-72.1453144,41.6496637,-72.11651950000001,41.6459993,-72.11161020000002,41.6675208,-72.140411,41.6711855
OKX,84,87,-72.2844899,41.6894448,-72.2893635,41.667921299999996,-72.26054579999999,41.664278599999996,-72.25566629999999,41.6858017,-72.2844899,41.6894448
OKX,85,87,-72.2556725,41.6858025,-72.260552,41.6642794,-72.2317488,41.6606337,-72.2268634,41.6821564,-72.2556725,41.6858025
OKX,86,88,-72.2219678,41.7036802,-72.2268561,41.6821571,-72.1980352,41.6785046,-72.1931409,41.700027399999996,-72.2219678,41.7036802
OKX,85,88,-72.2507898,41.7073275,-72.25567210000001,41.6858041,-72.22686300000001,41.682158,-72.2219747,41.703681100000004,-72.2507898,41.7073275
BOX,103,45,-70.2952384,41.5796222,-70.2952384,41.558134,-70.266529,41.558134,-70.266529,41.5796222,-70.2952384,41.5796222
BOX,104,46,-70.2612304,41.5971431,-70.2612304,41.575654899999996,-70.2325134,41.575654899999996,-70.2325134,41.5971431,-70.2612304,41.5971431
BOX,105,46,-70.2325096,41.5931549,-70.2325096,41.5716857,-70.2037849,41.5716857,-70.2037849,41.5931549,-70.2325096,41.5931549
BOX,110,47,-70.0836372,41.5947227,-70.0836372,41.5732536,-70.0549278,41.5732536,-70.0549278,41.5947227,-70.0836372,41.5947227
BOX,112,47,-70.0262222,41.5867404,-70.0262222,41.565259899999994,-69.99752040000001,41.565259899999994,-69.99752040000001,41.5867404,-70.0262222,41.5867404
BOX,113,47,-69.9975204,41.5827312,-69.9975204,41.5612506,-69.9688186,41.5612506,-69.9688186,41.5827312,-69.9975204,41.5827312
BOX,116,48,-69.9060516,41.592144,-69.9060516,41.5706748,-69.8773498,41.5706748,-69.8773498,41.592144,-69.9060516,41.592144
BOX,120,48,-69.7912635,41.5760231,-69.7912635,41.5545539,-69.7625694,41.5545539,-69.7625694,41.5760231,-69.7912635,41.5760231
BOX,120,49,-69.7858619,41.5974807,-69.7858619,41.5760192,-69.7571525,41.5760192,-69.7571525,41.5974807,-69.7858619,41.5974807
BOX,122,49,-69.7284736,41.5893878,-69.7284736,41.5679302,-69.6997795,41.5679302,-69.6997795,41.5893878,-69.7284736,41.5893878
BOX,123,49,-69.6997833,41.5853424,-69.6997833,41.5638809,-69.6710968,41.5638809,-69.6710968,41.5853424,-69.6997833,41.5853424
BOX,125,50,-69.6369743,41.5986938,-69.6369743,41.5772247,-69.6082801,41.5772247,-69.6082801,41.5986938,-69.6369743,41.5986938
BOX,126,50,-69.6082839,41.5946178,-69.6082839,41.5731601,-69.5795974,41.5731601,-69.5795974,41.5946178,-69.6082839,41.5946178
BOX,130,51,-69.4880867,41.5997619,-69.4880867,41.578300399999996,-69.45939249999999,41.578300399999996,-69.45939249999999,41.5997619,-69.4880867,41.5997619
BOX,15,31,-72.8969383,41.6087741,-72.8969383,41.587224899999995,-72.86812210000001,41.587224899999995,-72.86812210000001,41.6087741,-72.8969383,41.6087741
BOX,16,31,-72.8681182,41.6052284,-72.8681182,41.5836753,-72.8392944,41.5836753,-72.8392944,41.6052284,-72.8681182,41.6052284
BOX,18,31,-72.8104934,41.5981178,-72.8104934,41.5765647,-72.7816848,41.5765647,-72.7816848,41.5981178,-72.8104934,41.5981178
BOX,19,32,-72.7769203,41.6160945,-72.7769203,41.5945453,-72.748104,41.5945453,-72.748104,41.6160945,-72.7769203,41.6160945
BOX,53,37,-71.7735252,41.5997962,-71.7735252,41.5782661,-71.7447547,41.5782661,-71.7447547,41.5997962,-71.7735252,41.5997962
BOX,54,38,-71.7397689,41.6175785,-71.7397689,41.5960597,-71.7109909,41.5960597,-71.7109909,41.6175785,-71.7397689,41.6175785
BOX,56,38,-71.6822128,41.6101093,-71.6822128,41.588590599999996,-71.6534347,41.588590599999996,-71.6534347,41.6101093,-71.6822128,41.6101093
BOX,59,38,-71.5959014,41.5988731,-71.5959014,41.577350599999995,-71.5671386,41.577350599999995,-71.5671386,41.5988731,-71.5959014,41.5988731
BOX,59,39,-71.5908851,41.6203727,-71.5908851,41.598865499999995,-71.5621147,41.598865499999995,-71.5621147,41.6203727,-71.5908851,41.6203727
BOX,61,39,-71.5333442,41.6128559,-71.5333442,41.5913448,-71.5045738,41.5913448,-71.5045738,41.6128559,-71.5333442,41.6128559
BOX,63,39,-71.475811,41.6053256,-71.475811,41.583814600000004,-71.44705579999999,41.583814600000004,-71.44705579999999,41.6053256,-71.475811,41.6053256
BOX,65,39,-71.4182815,41.5977649,-71.4182815,41.5762538,-71.38951870000001,41.5762538,-71.38951870000001,41.5977649,-71.4182815,41.5977649
BOX,69,40,-71.2981758,41.6040992,-71.2981758,41.5825996,-71.26942059999999,41.5825996,-71.26942059999999,41.6040992,-71.2981758,41.6040992
BOX,71,41,-71.235569,41.6180057,-71.235569,41.5964946,-71.20681379999999,41.5964946,-71.20681379999999,41.6180057,-71.235569,41.6180057
BOX,72,41,-71.2068138,41.6141948,-71.2068138,41.5926837,-71.1780586,41.5926837,-71.1780586,41.6141948,-71.2068138,41.6141948
BOX,77,42,-71.0579261,41.6165504,-71.0579261,41.5950508,-71.0291709,41.5950508,-71.0291709,41.6165504,-71.0579261,41.6165504
BOX,84,43,-70.8515434,41.6110572,-70.8515434,41.589565199999996,-70.8228034,41.589565199999996,-70.8228034,41.6110572,-70.8515434,41.6110572
BOX,85,43,-70.8228034,41.6071891,-70.8228034,41.5856895,-70.7940635,41.5856895,-70.7940635,41.6071891,-70.8228034,41.6071891
BOX,88,44,-70.7313804,41.6170272,-70.7313804,41.5955352,-70.7026405,41.5955352,-70.7026405,41.6170272,-70.7313804,41.6170272
BOX,89,44,-70.7026443,41.6131229,-70.7026443,41.5916347,-70.673912,41.5916347,-70.673912,41.6131229,-70.7026443,41.6131229
BOX,91,44,-70.6451759,41.605339,-70.6451759,41.5838394,-70.6164512,41.5838394,-70.6164512,41.605339,-70.6451759,41.605339
BOX,94,45,-70.5537452,41.6150836,-70.5537452,41.5935955,-70.5250205,41.5935955,-70.5250205,41.6150836,-70.5537452,41.6150836
BOX,95,45,-70.5250167,41.6111507,-70.5250167,41.589670100000006,-70.4962844,41.589670100000006,-70.4962844,41.6111507,-70.5250167,41.6111507
BOX,96,45,-70.4962844,41.607233,-70.4962844,41.5857448,-70.46755209999999,41.5857448,-70.46755209999999,41.607233,-70.4962844,41.607233
BOX,98,45,-70.4388313,41.5993595,-70.4388313,41.5778789,-70.4101066,41.5778789,-70.4101066,41.5993595,-70.4388313,41.5993595
BOX,99,46,-70.4048347,41.6168994,-70.4048347,41.5954189,-70.37611,41.5954189,-70.37611,41.6168994,-70.4048347,41.6168994
BOX,101,46,-70.3473892,41.6090106,-70.3473892,41.587530099999995,-70.3186721,41.587530099999995,-70.3186721,41.6090106,-70.3473892,41.6090106
BOX,104,47,-70.255928,41.6186027,-70.255928,41.5971336,-70.2272109,41.5971336,-70.2272109,41.6186027,-70.255928,41.6186027
BOX,106,47,-70.1984825,41.61067,-70.1984825,41.589189499999996,-70.1697731,41.589189499999996,-70.1697731,41.61067,-70.1984825,41.61067
BOX,112,48,-70.0208702,41.6082038,-70.0208702,41.5867347,-69.992176,41.5867347,-69.992176,41.6082038,-70.0208702,41.6082038
BOX,114,48,-69.9634552,41.6001853,-69.9634552,41.5787162,-69.9347381,41.5787162,-69.9347381,41.6001853,-69.9634552,41.6001853
BOX,116,49,-69.9006767,41.6136131,-69.9006767,41.592144000000005,-69.87196730000001,41.592144000000005,-69.87196730000001,41.6136131,-69.9006767,41.6136131
BOX,117,49,-69.8719711,41.6095981,-69.8719711,41.5881252,-69.8432693,41.5881252,-69.8432693,41.6095981,-69.8719711,41.6095981
BOX,118,49,-69.8432693,41.6055641,-69.8432693,41.584095000000005,-69.81456750000001,41.584095000000005,-69.81456750000001,41.6055641,-69.8432693,41.6055641
BOX,122,50,-69.7230644,41.6108627,-69.7230644,41.5893936,-69.6943702,41.5893936,-69.6943702,41.6108627,-69.7230644,41.6108627
BOX,123,50,-69.6943702,41.6067981,-69.6943702,41.5853404,-69.6656761,41.5853404,-69.6656761,41.6067981,-69.6943702,41.6067981
BOX,124,50,-69.6656723,41.6027355,-69.6656723,41.5812854,-69.6369705,41.5812854,-69.6369705,41.6027355,-69.6656723,41.6027355
BOX,131,52,-69.453926,41.6171169,-69.453926,41.5956668,-69.42523949999999,41.5956668,-69.42523949999999,41.6171169,-69.453926,41.6171169
BOX,15,32,-72.8921928,41.6303234,-72.8921928,41.608774100000005,-72.86336130000001,41.608774100000005,-72.86336130000001,41.6303234,-72.8921928,41.6303234
BOX,17,32,-72.8345489,41.6232242,-72.8345489,41.601675,-72.805725,41.601675,-72.805725,41.6232242,-72.8345489,41.6232242
BOX,19,33,-72.7721481,41.6376438,-72.7721481,41.6160945,-72.74332419999999,41.6160945,-72.74332419999999,41.6376438,-72.7721481,41.6376438
BOX,20,33,-72.743328,41.6340732,-72.743328,41.612524,-72.71451180000001,41.612524,-72.71451180000001,41.6340732,-72.743328,41.6340732
BOX,21,33,-72.7145118,41.6304912,-72.7145118,41.6089496,-72.6856956,41.6089496,-72.6856956,41.6304912,-72.7145118,41.6304912
BOX,30,34,-72.4504051,41.6196613,-72.4504051,41.5981197,-72.4215888,41.5981197,-72.4215888,41.6196613,-72.4504051,41.6196613
BOX,31,35,-72.4167633,41.637577,-72.4167633,41.6160392,-72.3879547,41.6160392,-72.3879547,41.637577,-72.4167633,41.637577
BOX,32,35,-72.3879547,41.6339454,-72.3879547,41.6124153,-72.35914609999999,41.6124153,-72.35914609999999,41.6339454,-72.3879547,41.6339454
BOX,34,35,-72.3303451,41.6266918,-72.3303451,41.605150200000004,-72.3015365,41.605150200000004,-72.3015365,41.6266918,-72.3303451,41.6266918
BOX,55,39,-71.7059936,41.6353588,-71.7059936,41.6138401,-71.6772003,41.6138401,-71.6772003,41.6353588,-71.7059936,41.6353588
BOX,58,39,-71.6196594,41.6241226,-71.6196594,41.6026153,-71.5908813,41.6026153,-71.5908813,41.6241226,-71.6196594,41.6241226
BOX,64,40,-71.4419975,41.6230564,-71.4419975,41.601545300000005,-71.413227,41.601545300000005,-71.413227,41.6230564,-71.4419975,41.6230564
BOX,67,41,-71.3506278,41.6332149,-71.3506278,41.6117038,-71.3218574,41.6117038,-71.3218574,41.6332149,-71.3506278,41.6332149
BOX,68,41,-71.3218612,41.6294155,-71.3218612,41.6079044,-71.2930984,41.6079044,-71.2930984,41.6294155,-71.3218612,41.6294155
BOX,70,41,-71.2617911,41.6237083,-71.2668779,41.602208,-71.2381192,41.598402,-71.2330265,41.619902,-71.2617911,41.6237083
BOX,71,42,-71.2304725,41.6394996,-71.2304725,41.618,-71.2017021,41.618,-71.2017021,41.6394996,-71.2304725,41.6394996
BOX,72,42,-71.2017097,41.6356887,-71.2017097,41.614189100000004,-71.17295449999999,41.614189100000004,-71.17295449999999,41.6356887,-71.2017097,41.6356887
BOX,74,42,-71.1441879,41.6280517,-71.1441879,41.6065444,-71.11542510000001,41.6065444,-71.11542510000001,41.6280517,-71.1441879,41.6280517
BOX,75,42,-71.1154327,41.6242179,-71.1154327,41.6027183,-71.0866851,41.6027183,-71.0866851,41.6242179,-71.1154327,41.6242179
BOX,76,42,-71.0866813,41.620388,-71.0866813,41.5988883,-71.05792609999999,41.5988883,-71.05792609999999,41.620388,-71.0866813,41.620388
BOX,77,43,-71.0527877,41.63805,-71.0527877,41.6165504,-71.0240249,41.6165504,-71.0240249,41.63805,-71.0527877,41.63805
BOX,78,43,-71.0240325,41.6342086,-71.0240325,41.612709,-70.99528500000001,41.612709,-70.99528500000001,41.6342086,-71.0240325,41.6342086
BOX,79,43,-70.9952812,41.6303596,-70.9952812,41.60886,-70.96652599999999,41.60886,-70.96652599999999,41.6303596,-70.9952812,41.6303596
BOX,80,43,-70.966526,41.6265106,-70.966526,41.6050109,-70.9377708,41.6050109,-70.9377708,41.6265106,-70.966526,41.6265106
BOX,83,44,-70.8751106,41.6364173,-70.8751106,41.614925299999996,-70.8463554,41.614925299999996,-70.8463554,41.6364173,-70.8751106,41.6364173
BOX,84,44,-70.846363,41.6325435,-70.846363,41.6110553,-70.81762309999999,41.6110553,-70.81762309999999,41.6325435,-70.846363,41.6325435
BOX,85,44,-70.8176155,41.6286773,-70.8176155,41.6071853,-70.7888603,41.6071853,-70.7888603,41.6286773,-70.8176155,41.6286773
BOX,86,44,-70.7888679,41.6247978,-70.7888679,41.6033058,-70.760128,41.6033058,-70.760128,41.6247978,-70.7888679,41.6247978
BOX,87,44,-70.7601242,41.6209068,-70.7601242,41.5994148,-70.7313766,41.5994148,-70.7313766,41.6209068,-70.7601242,41.6209068
BOX,88,45,-70.7261772,41.6385135,-70.7261772,41.6170253,-70.6974372,41.6170253,-70.6974372,41.6385135,-70.7261772,41.6385135
BOX,89,45,-70.6974372,41.6346168,-70.6974372,41.6131248,-70.66869729999999,41.6131248,-70.66869729999999,41.6346168,-70.6974372,41.6346168
BOX,91,45,-70.6399497,41.62681,-70.6399497,41.605329499999996,-70.6112098,41.605329499999996,-70.6112098,41.62681,-70.6399497,41.62681
BOX,94,46,-70.5484962,41.6365604,-70.5484962,41.615079800000004,-70.5197563,41.615079800000004,-70.5197563,41.6365604,-70.5484962,41.6365604
BOX,96,46,-70.4910316,41.6287097,-70.4910316,41.6072292,-70.4622917,41.6072292,-70.4622917,41.6287097,-70.4910316,41.6287097
BOX,98,46,-70.4335632,41.62084,-70.4335632,41.5993595,-70.4048309,41.5993595,-70.4048309,41.62084,-70.4335632,41.62084
BOX,100,47,-70.3708343,41.6344394,-70.3708343,41.612958899999995,-70.342102,41.612958899999995,-70.342102,41.6344394,-70.3708343,41.6344394
BOX,102,47,-70.3133773,41.626543,-70.3133773,41.6050548,-70.284645,41.6050548,-70.284645,41.626543,-70.3133773,41.626543
BOX,110,49,-70.0729598,41.6376647,-70.0729598,41.616195600000005,-70.0442428,41.616195600000005,-70.0442428,41.6376647,-70.0729598,41.6376647
BOX,111,49,-70.044239,41.6336746,-70.044239,41.6122055,-70.0155143,41.6122055,-70.0155143,41.6336746,-70.044239,41.6336746
BOX,112,49,-70.015522,41.6296615,-70.015522,41.6082,-69.9868125,41.6082,-69.9868125,41.6296615,-70.015522,41.6296615
BOX,114,49,-69.9580955,41.6216545,-69.9580955,41.6001853,-69.9293861,41.6001853,-69.9293861,41.6216545,-69.9580955,41.6216545
BOX,117,50,-69.8665847,41.6310482,-69.8665847,41.6095905,-69.8378677,41.6095905,-69.8378677,41.6310482,-69.8665847,41.6310482
BOX,121,51,-69.7463569,41.6363544,-69.7463569,41.6149044,-69.7176475,41.6149044,-69.7176475,41.6363544,-69.7463569,41.6363544
BOX,124,51,-69.6602439,41.6242141,-69.6602439,41.602745000000006,-69.6315498,41.602745000000006,-69.6315498,41.6242141,-69.6602439,41.6242141
BOX,126,52,-69.5974082,41.6375255,-69.5974082,41.6160755,-69.5686988,41.6160755,-69.5686988,41.6375255,-69.5974082,41.6375255
BOX,128,52,-69.5400085,41.6293735,-69.5400085,41.6079235,-69.5113067,41.6079235,-69.5113067,41.6293735,-69.5400085,41.6293735
BOX,130,52,-69.4826164,41.6212177,-69.4826164,41.59976,-69.4539222,41.59976,-69.4539222,41.6212177,-69.4826164,41.6212177
BOX,131,53,-69.4484519,41.6385612,-69.4484519,41.617115,-69.4197425,41.617115,-69.4197425,41.6385612,-69.4484519,41.6385612
BOX,16,33,-72.8586235,41.6483078,-72.8586235,41.62677,-72.829792,41.62677,-72.829792,41.6483078,-72.8586235,41.6483078
BOX,17,33,-72.829792,41.644762,-72.829792,41.6232204,-72.8009605,41.6232204,-72.8009605,41.644762,-72.829792,41.644762
BOX,19,34,-72.7673797,41.6591815,-72.7673797,41.6376399,-72.73855590000001,41.6376399,-72.73855590000001,41.6591815,-72.7673797,41.6591815
BOX,21,34,-72.7097282,41.6520442,-72.7097282,41.630494999999996,-72.680912,41.630494999999996,-72.680912,41.6520442,-72.7097282,41.6520442
BOX,31,36,-72.4119148,41.6591033,-72.4119148,41.6375732,-72.38309860000001,41.6375732,-72.38309860000001,41.6591033,-72.4119148,41.6591033
BOX,32,36,-72.3831024,41.6554756,-72.3831024,41.6339454,-72.3542938,41.6339454,-72.3542938,41.6554756,-72.3831024,41.6554756
BOX,56,40,-71.6722145,41.6531391,-71.6722145,41.631620399999996,-71.6434288,41.631620399999996,-71.6434288,41.6531391,-71.6722145,41.6531391
BOX,57,40,-71.6434326,41.6493854,-71.6434326,41.6278743,-71.6146545,41.6278743,-71.6146545,41.6493854,-71.6434326,41.6493854
BOX,60,41,-71.5520591,41.6596298,-71.5520591,41.6381301,-71.5232734,41.6381301,-71.5232734,41.6596298,-71.5520591,41.6596298
BOX,62,41,-71.4944992,41.6521167,-71.4944992,41.6306056,-71.46572110000001,41.6306056,-71.46572110000001,41.6521167,-71.4944992,41.6521167
BOX,67,42,-71.3455581,41.6547088,-71.3455581,41.6332092,-71.31678000000001,41.6332092,-71.31678000000001,41.6547088,-71.3455581,41.6547088
BOX,68,42,-71.3167839,41.6509094,-71.3167839,41.629409700000004,-71.28801340000001,41.629409700000004,-71.28801340000001,41.6509094,-71.3167839,41.6509094
BOX,69,42,-71.2880134,41.6471099,-71.2880134,41.6256103,-71.259243,41.6256103,-71.259243,41.6471099,-71.2880134,41.6471099
BOX,70,42,-71.259243,41.6433105,-71.259243,41.6218109,-71.2304725,41.6218109,-71.2304725,41.6433105,-71.259243,41.6433105
BOX,72,43,-71.1966133,41.6571769,-71.1966133,41.6356849,-71.1678428,41.6356849,-71.1678428,41.6571769,-71.1966133,41.6571769
BOX,74,43,-71.1390724,41.6495361,-71.1390724,41.6280441,-71.11030190000001,41.6280441,-71.11030190000001,41.6495361,-71.1390724,41.6495361
BOX,76,43,-71.0815505,41.6418762,-71.0815505,41.6203842,-71.05278770000001,41.6203842,-71.05278770000001,41.6418762,-71.0815505,41.6418762
BOX,77,44,-71.0476608,41.6595325,-71.0476608,41.6380443,-71.01889800000001,41.6380443,-71.01889800000001,41.6595325,-71.0476608,41.6595325
BOX,78,44,-71.018898,41.6556968,-71.018898,41.6342048,-70.99013509999999,41.6342048,-70.99013509999999,41.6556968,-71.018898,41.6556968
BOX,79,44,-70.9901351,41.6518592,-70.9901351,41.6303596,-70.96137230000001,41.6303596,-70.96137230000001,41.6518592,-70.9901351,41.6518592
BOX,80,44,-70.9613761,41.647993,-70.9613761,41.6265048,-70.932621,41.6265048,-70.932621,41.647993,-70.9613761,41.647993
BOX,82,44,-70.9038658,41.6402893,-70.9038658,41.6187896,-70.8751106,41.6187896,-70.8751106,41.6402893,-70.9038658,41.6402893
BOX,84,45,-70.8411865,41.6540374,-70.8411865,41.6325454,-70.8124389,41.6325454,-70.8124389,41.6540374,-70.8411865,41.6540374
BOX,85,45,-70.8124313,41.6501636,-70.8124313,41.6286754,-70.7836685,41.6286754,-70.7836685,41.6501636,-70.8124313,41.6501636
BOX,90,46,-70.663475,41.6522064,-70.663475,41.630714399999995,-70.6347274,41.630714399999995,-70.6347274,41.6522064,-70.663475,41.6522064
BOX,92,46,-70.6059875,41.6443977,-70.6059875,41.6229057,-70.5772399,41.6229057,-70.5772399,41.6443977,-70.6059875,41.6443977
BOX,97,47,-70.4570426,41.6462612,-70.4570426,41.6247806,-70.42830269999999,41.6247806,-70.42830269999999,41.6462612,-70.4570426,41.6462612
BOX,100,48,-70.3655586,41.6559028,-70.3655586,41.6344337,-70.3368186,41.6344337,-70.3368186,41.6559028,-70.3655586,41.6559028
BOX,105,49,-70.216587,41.6575851,-70.216587,41.636116,-70.1878471,41.636116,-70.1878471,41.6575851,-70.216587,41.6575851
BOX,106,49,-70.1878547,41.6536083,-70.1878547,41.6321353,-70.15913,41.6321353,-70.15913,41.6536083,-70.1878547,41.6536083
BOX,108,49,-70.1304054,41.6456451,-70.1304054,41.624176000000006,-70.1016807,41.624176000000006,-70.1016807,41.6456451,-70.1304054,41.6456451
BOX,109,49,-70.1016807,41.6416511,-70.1016807,41.620189599999996,-70.072956,41.620189599999996,-70.072956,41.6416511,-70.1016807,41.6416511
BOX,110,50,-70.0676155,41.6591339,-70.0676155,41.6376647,-70.0388908,41.6376647,-70.0388908,41.6591339,-70.0676155,41.6591339
BOX,111,50,-70.0388908,41.6551322,-70.0388908,41.6336708,-70.0101661,41.6336708,-70.0101661,41.6551322,-70.0388908,41.6551322
BOX,114,50,-69.9527282,41.6431121,-69.9527282,41.6216506,-69.9240112,41.6216506,-69.9240112,41.6431121,-69.9527282,41.6431121
BOX,120,51,-69.7750663,41.6404113,-69.7750663,41.618949799999996,-69.74635690000001,41.618949799999996,-69.74635690000001,41.6404113,-69.7750663,41.6404113
BOX,121,52,-69.7409477,41.6578216,-69.7409477,41.6363601,-69.71223830000001,41.6363601,-69.71223830000001,41.6578216,-69.7409477,41.6578216
BOX,122,52,-69.7122383,41.6537647,-69.7122383,41.6323146,-69.6835289,41.6323146,-69.6835289,41.6537647,-69.7122383,41.6537647
BOX,124,52,-69.6548118,41.6456546,-69.6548118,41.6242046,-69.62610240000001,41.6242046,-69.62610240000001,41.6456546,-69.6548118,41.6456546
BOX,125,52,-69.62611,41.6416015,-69.62611,41.62014,-69.5974159,41.62014,-69.5974159,41.6416015,-69.62611,41.6416015
BOX,129,53,-69.5058517,41.6467456,-69.5058517,41.6252956,-69.4771499,41.6252956,-69.4771499,41.6467456,-69.5058517,41.6467456
BOX,16,34,-72.8538703,41.6698627,-72.8538703,41.6483135,-72.8250236,41.6483135,-72.8250236,41.6698627,-72.8538703,41.6698627
BOX,17,34,-72.825035,41.6662979,-72.825035,41.644760100000006,-72.7962112,41.644760100000006,-72.7962112,41.6662979,-72.825035,41.6662979
BOX,18,34,-72.7962074,41.6627407,-72.7962074,41.6411991,-72.7673759,41.6411991,-72.7673759,41.6627407,-72.7962074,41.6627407
BOX,23,35,-72.6472969,41.6664085,-72.6472969,41.644870700000006,-72.6184654,41.644870700000006,-72.6184654,41.6664085,-72.6472969,41.6664085
BOX,25,35,-72.5896492,41.6592311,-72.5896492,41.6376895,-72.5608329,41.6376895,-72.5608329,41.6592311,-72.5896492,41.6592311
BOX,26,36,-72.556015,41.6771717,-72.556015,41.6556301,-72.5271911,41.6556301,-72.5271911,41.6771717,-72.556015,41.6771717
BOX,29,36,-72.469551,41.666336,-72.469551,41.6448059,-72.4407272,41.6448059,-72.4407272,41.666336,-72.469551,41.666336
BOX,30,36,-72.440731,41.6627235,-72.440731,41.6411933,-72.4119148,41.6411933,-72.4119148,41.6627235,-72.440731,41.6627235
BOX,33,37,-72.34943,41.6733741,-72.34943,41.651844,-72.3206138,41.651844,-72.3206138,41.6733741,-72.34943,41.6733741
BOX,34,37,-72.3206176,41.6697463,-72.3206176,41.6482162,-72.291809,41.6482162,-72.291809,41.6697463,-72.3206176,41.6697463
BOX,46,39,-71.9651222,41.6687984,-71.9651222,41.6472797,-71.9363212,41.6472797,-71.9363212,41.6687984,-71.9651222,41.6687984
BOX,49,39,-71.8787231,41.6576862,-71.8787231,41.6361751,-71.8499298,41.6361751,-71.8499298,41.6576862,-71.8787231,41.6576862
BOX,55,41,-71.6960029,41.6783885,-71.6960029,41.656869799999996,-71.6672019,41.656869799999996,-71.6672019,41.6783885,-71.6960029,41.6783885
BOX,56,41,-71.6672096,41.6746463,-71.6672096,41.6531352,-71.6384239,41.6531352,-71.6384239,41.6746463,-71.6672096,41.6746463
BOX,58,41,-71.6096305,41.6671466,-71.6096305,41.645635600000006,-71.5808448,41.645635600000006,-71.5808448,41.6671466,-71.6096305,41.6671466
BOX,59,41,-71.5808448,41.6633968,-71.5808448,41.6418857,-71.5520591,41.6418857,-71.5520591,41.6633968,-71.5808448,41.6633968
BOX,61,42,-71.5182456,41.6773853,-71.5182456,41.6558742,-71.4894599,41.6558742,-71.4894599,41.6773853,-71.5182456,41.6773853
BOX,63,42,-71.4606742,41.6698417,-71.4606742,41.6483345,-71.4318885,41.6483345,-71.4318885,41.6698417,-71.4606742,41.6698417
BOX,64,42,-71.4318923,41.6660747,-71.4318923,41.644563600000005,-71.4031143,41.644563600000005,-71.4031143,41.6660747,-71.4318923,41.6660747
BOX,66,43,-71.3692665,41.6800003,-71.3692665,41.6585006,-71.3404808,41.6585006,-71.3404808,41.6800003,-71.3692665,41.6800003
BOX,71,43,-71.2253837,41.6609992,-71.2253837,41.6394996,-71.1966133,41.6394996,-71.1966133,41.6609992,-71.2253837,41.6609992
BOX,72,44,-71.1915016,41.6786804,-71.1915016,41.6571807,-71.1627311,41.6571807,-71.1627311,41.6786804,-71.1915016,41.6786804
BOX,75,44,-71.1051979,41.6672039,-71.1051979,41.6457157,-71.0764274,41.6457157,-71.0764274,41.6672039,-71.1051979,41.6672039
BOX,76,44,-71.0764274,41.6633796,-71.0764274,41.64188,-71.047657,41.64188,-71.047657,41.6633796,-71.0764274,41.6633796
BOX,82,45,-70.8987007,41.6617774,-70.8987007,41.640285399999996,-70.8699455,41.640285399999996,-70.8699455,41.6617774,-70.8987007,41.6617774
BOX,83,46,-70.8647613,41.6793975,-70.8647613,41.6579055,-70.8359985,41.6579055,-70.8359985,41.6793975,-70.8647613,41.6793975
BOX,84,46,-70.8359985,41.6755237,-70.8359985,41.6540355,-70.8072357,41.6540355,-70.8072357,41.6755237,-70.8359985,41.6755237
BOX,86,46,-70.7784843,41.6677608,-70.7784843,41.64628020000001,-70.7497291,41.64628020000001,-70.7497291,41.6677608,-70.7784843,41.6677608
BOX,87,46,-70.7497291,41.663887,-70.7497291,41.642395,-70.72097389999999,41.642395,-70.72097389999999,41.663887,-70.7497291,41.663887
BOX,89,47,-70.6870155,41.6775798,-70.6870155,41.656099299999994,-70.6582603,41.656099299999994,-70.6582603,41.6775798,-70.6870155,41.6775798
BOX,90,47,-70.6582603,41.6736812,-70.6582603,41.6522006,-70.62950509999999,41.6522006,-70.62950509999999,41.6736812,-70.6582603,41.6736812
BOX,91,47,-70.6295127,41.6697711,-70.6295127,41.648290599999996,-70.6007728,41.648290599999996,-70.6007728,41.6697711,-70.6295127,41.6697711
BOX,93,47,-70.5720062,41.661951,-70.5720062,41.6404705,-70.5432586,41.6404705,-70.5432586,41.661951,-70.5720062,41.661951
BOX,95,48,-70.5092735,41.6755828,-70.5092735,41.6541137,-70.4805335,41.6541137,-70.4805335,41.6755828,-70.5092735,41.6755828
BOX,99,48,-70.3942985,41.6598606,-70.3942985,41.638380000000005,-70.3655586,41.638380000000005,-70.3655586,41.6598606,-70.3942985,41.6598606
BOX,100,49,-70.3602752,41.6773891,-70.3602752,41.6559085,-70.33152770000001,41.6559085,-70.33152770000001,41.6773891,-70.3602752,41.6773891
BOX,103,49,-70.2740554,41.6655178,-70.2740554,41.6440448,-70.2453231,41.6440448,-70.2453231,41.6655178,-70.2740554,41.6655178
BOX,105,50,-70.2086172,41.6810375,-70.21393130000001,41.659570300000006,-70.18519400000001,41.65559830000001,-70.1798741,41.67706520000001,-70.2086172,41.6810375
BOX,112,51,-70.0048103,41.6725921,-70.0048103,41.6511306,-69.9760856,41.6511306,-69.9760856,41.6725921,-70.0048103,41.6725921
BOX,118,52,-69.8270912,41.6699409,-69.8270912,41.6484794,-69.7983665,41.6484794,-69.7983665,41.6699409,-69.8270912,41.6699409
BOX,123,53,-69.6780967,41.6711635,-69.6780967,41.6497135,-69.6493873,41.6497135,-69.6493873,41.6711635,-69.6780967,41.6711635
BOX,129,54,-69.500389,41.6681957,-69.500389,41.646745599999996,-69.4716873,41.646745599999996,-69.4716873,41.6681957,-69.500389,41.6681957
BOX,12,34,-72.969223,41.6840343,-72.969223,41.6624851,-72.9403839,41.6624851,-72.9403839,41.6840343,-72.969223,41.6840343
BOX,14,35,-72.9067993,41.698492,-72.9067993,41.6769504,-72.8779602,41.6769504,-72.8779602,41.698492,-72.9067993,41.698492
BOX,16,35,-72.849121,41.6914005,-72.849121,41.6698589,-72.8202819,41.6698589,-72.8202819,41.6914005,-72.849121,41.6914005
BOX,22,36,-72.6713333,41.6915245,-72.6713333,41.6699943,-72.6424942,41.6699943,-72.6424942,41.6915245,-72.6713333,41.6915245
BOX,23,36,-72.642498,41.687952,-72.642498,41.666410400000004,-72.61366650000001,41.666410400000004,-72.61366650000001,41.687952,-72.642498,41.687952
BOX,24,36,-72.6136665,41.6843624,-72.6136665,41.6628208,-72.584835,41.6628208,-72.584835,41.6843624,-72.6136665,41.6843624
BOX,25,36,-72.5848388,41.6807556,-72.5848388,41.6592254,-72.556015,41.6592254,-72.556015,41.6807556,-72.5848388,41.6807556
BOX,26,37,-72.551197,41.6986961,-72.551197,41.6771659,-72.5223655,41.6771659,-72.5223655,41.6986961,-72.551197,41.6986961
BOX,29,37,-72.4647178,41.6878662,-72.4647178,41.666336,-72.4358863,41.666336,-72.4358863,41.6878662,-72.4647178,41.6878662
BOX,32,38,-72.3734016,41.6985359,-72.3734016,41.6770057,-72.3445854,41.6770057,-72.3445854,41.6985359,-72.3734016,41.6985359
BOX,33,38,-72.3445777,41.6949043,-72.3445777,41.6733741,-72.3157463,41.6733741,-72.3157463,41.6949043,-72.3445777,41.6949043
BOX,34,38,-72.3157501,41.6912593,-72.3157501,41.6697406,-72.2869262,41.6697406,-72.2869262,41.6912593,-72.3157501,41.6912593
BOX,35,38,-72.28693,41.687622,-72.28693,41.666099499999994,-72.2581138,41.666099499999994,-72.2581138,41.687622,-72.28693,41.687622
BOX,40,39,-72.1379623,41.6908721,-72.1379623,41.6693496,-72.1091537,41.6693496,-72.1091537,41.6908721,-72.1379623,41.6908721
BOX,44,40,-72.0177955,41.6976928,-72.0177955,41.676170299999995,-71.98897930000001,41.676170299999995,-71.98897930000001,41.6976928,-72.0177955,41.6976928
BOX,47,40,-71.9313697,41.6866054,-71.9313697,41.6650943,-71.90256880000001,41.6650943,-71.90256880000001,41.6866054,-71.9313697,41.6866054
BOX,50,41,-71.8400001,41.6970024,-71.8400001,41.6754951,-71.8111991,41.6754951,-71.8111991,41.6970024,-71.8400001,41.6970024
BOX,52,41,-71.7823905,41.6895656,-71.7823905,41.668054500000004,-71.75358960000001,41.668054500000004,-71.75358960000001,41.6895656,-71.7823905,41.6895656
BOX,55,42,-71.6910095,41.6998786,-71.6910095,41.678379,-71.66221610000001,41.678379,-71.66221610000001,41.6998786,-71.6910095,41.6998786
BOX,56,42,-71.6622047,41.6961402,-71.6622047,41.674640600000004,-71.63338850000001,41.674640600000004,-71.63338850000001,41.6961402,-71.6622047,41.6961402
BOX,57,42,-71.6334037,41.6924018,-71.6334037,41.6708946,-71.604618,41.6708946,-71.604618,41.6924018,-71.6334037,41.6924018
BOX,59,42,-71.5758171,41.6849021,-71.5758171,41.6633949,-71.5470161,41.6633949,-71.5470161,41.6849021,-71.5758171,41.6849021
BOX,60,42,-71.5470275,41.6811466,-71.5470275,41.6596355,-71.5182495,41.6596355,-71.5182495,41.6811466,-71.5470275,41.6811466
BOX,62,43,-71.4844131,41.6951103,-71.4844131,41.6736106,-71.4556198,41.6736106,-71.4556198,41.6951103,-71.4844131,41.6951103
BOX,64,43,-71.4268417,41.6875686,-71.4268417,41.666069,-71.3980636,41.666069,-71.3980636,41.6875686,-71.4268417,41.6875686
BOX,68,44,-71.3066215,41.6939086,-71.3066215,41.672409,-71.2778511,41.672409,-71.2778511,41.6939086,-71.3066215,41.6939086
BOX,72,45,-71.1864013,41.70018,-71.1864013,41.678680400000005,-71.1576232,41.678680400000005,-71.1576232,41.70018,-71.1864013,41.70018
BOX,103,45,-70.2952384,41.5796222,-70.2952384,41.558134,-70.266529,41.558134,-70.266529,41.5796222,-70.2952384,41.5796222
BOX,104,46,-70.2612304,41.5971431,-70.2612304,41.575654899999996,-70.2325134,41.575654899999996,-70.2325134,41.5971431,-70.2612304,41.5971431
BOX,105,46,-70.2325096,41.5931549,-70.2325096,41.5716857,-70.2037849,41.5716857,-70.2037849,41.5931549,-70.2325096,41.5931549
BOX,106,46,-70.2038002,41.5891838,-70.2038002,41.5677146,-70.175106,41.5677146,-70.175106,41.5891838,-70.2038002,41.5891838
BOX,109,47,-70.1123466,41.5987129,-70.1123466,41.577243800000005,-70.0836372,41.577243800000005,-70.0836372,41.5987129,-70.1123466,41.5987129
BOX,110,47,-70.0836372,41.5947227,-70.0836372,41.5732536,-70.0549278,41.5732536,-70.0549278,41.5947227,-70.0836372,41.5947227
BOX,111,47,-70.0549278,41.5907249,-70.0549278,41.5692558,-70.0262184,41.5692558,-70.0262184,41.5907249,-70.0549278,41.5907249
BOX,112,47,-70.0262222,41.5867404,-70.0262222,41.565259899999994,-69.99752040000001,41.565259899999994,-69.99752040000001,41.5867404,-70.0262222,41.5867404
BOX,113,47,-69.9975204,41.5827312,-69.9975204,41.5612506,-69.9688186,41.5612506,-69.9688186,41.5827312,-69.9975204,41.5827312
BOX,114,47,-69.9688186,41.578722,-69.9688186,41.5572414,-69.94011680000001,41.5572414,-69.94011680000001,41.578722,-69.9688186,41.578722
BOX,115,48,-69.9347496,41.5961647,-69.9347496,41.574695500000004,-69.9060554,41.574695500000004,-69.9060554,41.5961647,-69.9347496,41.5961647
BOX,116,48,-69.9060516,41.592144,-69.9060516,41.5706748,-69.8773498,41.5706748,-69.8773498,41.592144,-69.9060516,41.592144
BOX,118,48,-69.848648,41.584095,-69.848648,41.5626258,-69.8199462,41.5626258,-69.8199462,41.584095,-69.848648,41.584095
BOX,119,48,-69.8199539,41.5800628,-69.8199539,41.5585937,-69.7912673,41.5585937,-69.7912673,41.5800628,-69.8199539,41.5800628
BOX,120,48,-69.7912635,41.5760231,-69.7912635,41.5545539,-69.7625694,41.5545539,-69.7625694,41.5760231,-69.7912635,41.5760231
BOX,120,49,-69.7858619,41.5974807,-69.7858619,41.5760192,-69.7571525,41.5760192,-69.7571525,41.5974807,-69.7858619,41.5974807
BOX,121,49,-69.757164,41.593441,-69.757164,41.5719795,-69.7284774,41.5719795,-69.7284774,41.593441,-69.757164,41.593441
BOX,122,49,-69.7284736,41.5893878,-69.7284736,41.5679302,-69.6997795,41.5679302,-69.6997795,41.5893878,-69.7284736,41.5893878
BOX,123,49,-69.6997833,41.5853424,-69.6997833,41.5638809,-69.6710968,41.5638809,-69.6710968,41.5853424,-69.6997833,41.5853424
BOX,125,50,-69.6369743,41.5986938,-69.6369743,41.5772247,-69.6082801,41.5772247,-69.6082801,41.5986938,-69.6369743,41.5986938
BOX,126,50,-69.6082839,41.5946178,-69.6082839,41.5731601,-69.5795974,41.5731601,-69.5795974,41.5946178,-69.6082839,41.5946178
BOX,130,51,-69.4880867,41.5997619,-69.4880867,41.578300399999996,-69.45939249999999,41.578300399999996,-69.45939249999999,41.5997619,-69.4880867,41.5997619
BOX,14,31,-72.9257545,41.6123142,-72.9257545,41.5907649,-72.8969383,41.5907649,-72.8969383,41.6123142,-72.9257545,41.6123142
BOX,15,31,-72.8969383,41.6087741,-72.8969383,41.587224899999995,-72.86812210000001,41.587224899999995,-72.86812210000001,41.6087741,-72.8969383,41.6087741
BOX,16,31,-72.8681182,41.6052284,-72.8681182,41.5836753,-72.8392944,41.5836753,-72.8392944,41.6052284,-72.8681182,41.6052284
BOX,17,31,-72.839302,41.601675,-72.839302,41.5801258,-72.8104934,41.5801258,-72.8104934,41.601675,-72.839302,41.601675
BOX,18,31,-72.8104934,41.5981178,-72.8104934,41.5765647,-72.7816848,41.5765647,-72.7816848,41.5981178,-72.8104934,41.5981178
BOX,19,32,-72.7769203,41.6160945,-72.7769203,41.5945453,-72.748104,41.5945453,-72.748104,41.6160945,-72.7769203,41.6160945
BOX,20,32,-72.7481079,41.6125183,-72.7481079,41.5909805,-72.71929929999999,41.5909805,-72.71929929999999,41.6125183,-72.7481079,41.6125183
BOX,53,37,-71.7735252,41.5997962,-71.7735252,41.5782661,-71.7447547,41.5782661,-71.7447547,41.5997962,-71.7735252,41.5997962
BOX,54,38,-71.7397689,41.6175785,-71.7397689,41.5960597,-71.7109909,41.5960597,-71.7109909,41.6175785,-71.7397689,41.6175785
BOX,55,38,-71.7109909,41.6138362,-71.7109909,41.592325200000005,-71.6822128,41.592325200000005,-71.6822128,41.6138362,-71.7109909,41.6138362
BOX,56,38,-71.6822128,41.6101093,-71.6822128,41.588590599999996,-71.6534347,41.588590599999996,-71.6534347,41.6101093,-71.6822128,41.6101093
BOX,57,38,-71.6534385,41.6063556,-71.6534385,41.5848445,-71.6246681,41.5848445,-71.6246681,41.6063556,-71.6534385,41.6063556
BOX,59,38,-71.5959014,41.5988731,-71.5959014,41.577350599999995,-71.5671386,41.577350599999995,-71.5671386,41.5988731,-71.5959014,41.5988731
BOX,59,39,-71.5908851,41.6203727,-71.5908851,41.598865499999995,-71.5621147,41.598865499999995,-71.5621147,41.6203727,-71.5908851,41.6203727
BOX,61,39,-71.5333442,41.6128559,-71.5333442,41.5913448,-71.5045738,41.5913448,-71.5045738,41.6128559,-71.5333442,41.6128559
BOX,63,39,-71.475811,41.6053256,-71.475811,41.583814600000004,-71.44705579999999,41.583814600000004,-71.44705579999999,41.6053256,-71.475811,41.6053256
BOX,65,39,-71.4182815,41.5977649,-71.4182815,41.5762538,-71.38951870000001,41.5762538,-71.38951870000001,41.5977649,-71.4182815,41.5977649
BOX,67,40,-71.3556976,41.6117019,-71.3556976,41.5901947,-71.3269348,41.5901947,-71.3269348,41.6117019,-71.3556976,41.6117019
BOX,69,40,-71.2981758,41.6040992,-71.2981758,41.5825996,-71.26942059999999,41.5825996,-71.26942059999999,41.6040992,-71.2981758,41.6040992
BOX,71,41,-71.235569,41.6180057,-71.235569,41.5964946,-71.20681379999999,41.5964946,-71.20681379999999,41.6180057,-71.235569,41.6180057
BOX,72,41,-71.2068138,41.6141948,-71.2068138,41.5926837,-71.1780586,41.5926837,-71.1780586,41.6141948,-71.2068138,41.6141948
BOX,73,41,-71.1780586,41.6103763,-71.1780586,41.5888652,-71.1493034,41.5888652,-71.1493034,41.6103763,-71.1780586,41.6103763
BOX,75,41,-71.1205558,41.6027183,-71.1205558,41.5812187,-71.0918006,41.5812187,-71.0918006,41.6027183,-71.1205558,41.6027183
BOX,77,42,-71.0579261,41.6165504,-71.0579261,41.5950508,-71.0291709,41.5950508,-71.0291709,41.6165504,-71.0579261,41.6165504
